"Timestamp","Total score","Participant ID:","Participant ID: [Score]","Participant ID: [Feedback]","What does the author call ""interpretive labor""?","What does the author call ""interpretive labor""? [Score]","What does the author call ""interpretive labor""? [Feedback]","Why does the author criticize some anthropologists' views on violence?","Why does the author criticize some anthropologists' views on violence? [Score]","Why does the author criticize some anthropologists' views on violence? [Feedback]","What differentiates violence from other forms of human interaction?","What differentiates violence from other forms of human interaction? [Score]","What differentiates violence from other forms of human interaction? [Feedback]","What is the key distinction the author makes between acts of violence and the threat of violence?","What is the key distinction the author makes between acts of violence and the threat of violence? [Score]","What is the key distinction the author makes between acts of violence and the threat of violence? [Feedback]","How does the author describe the consequences of violence in decision-making?","How does the author describe the consequences of violence in decision-making? [Score]","How does the author describe the consequences of violence in decision-making? [Feedback]","According to the author, why do victims of violence often see the procedures created on its basis as unreasonable?","According to the author, why do victims of violence often see the procedures created on its basis as unreasonable? [Score]","According to the author, why do victims of violence often see the procedures created on its basis as unreasonable? [Feedback]","What limitation does the author acknowledge about violence as a means of control?","What limitation does the author acknowledge about violence as a means of control? [Score]","What limitation does the author acknowledge about violence as a means of control? [Feedback]","According to the author, why is violence often the preferred weapon of the stupid?","According to the author, why is violence often the preferred weapon of the stupid? [Score]","According to the author, why is violence often the preferred weapon of the stupid? [Feedback]"
"2025/03/24 11:31:07 am GMT+3","7.00 / 8","0001","-- / 0","","The intellectual effort required to understand another person’s intentions and motives","1.00 / 1","","Because they ignore the symbolic power of violence","0.00 / 1","","It can produce predictable effects without requiring understanding between individuals","1.00 / 1","","Acts of violence have clear outcomes, while threats of violence require some shared understanding","1.00 / 1","","It removes complexity from social interactions","1.00 / 1","","Because violence bypasses debate, clarification, and renegotiation","1.00 / 1","","Its effects are limited to physical harm","1.00 / 1","","It is the only form of stupidity that is difficult to counter intelligently","1.00 / 1",""
"2025/05/02 4:41:21 pm GMT+3","6.00 / 8","003","-- / 0","","The intellectual effort required to understand another person’s intentions and motives","1.00 / 1","","Because they ignore the symbolic power of violence","0.00 / 1","","It can produce predictable effects without requiring understanding between individuals","1.00 / 1","","Acts of violence have clear outcomes, while threats of violence require some shared understanding","1.00 / 1","","It makes people more willing to compromise","0.00 / 1","","Because violence bypasses debate, clarification, and renegotiation","1.00 / 1","","Its effects are limited to physical harm","1.00 / 1","","It is the only form of stupidity that is difficult to counter intelligently","1.00 / 1",""
"2025/05/12 10:22:12 am GMT+3","5.00 / 8","004","-- / 0","","The intellectual effort required to understand another person’s intentions and motives","1.00 / 1","","Because they assume violence must always have deep interpretive meaning","1.00 / 1","","It can produce predictable effects without requiring understanding between individuals","1.00 / 1","","Acts of violence are unpredictable, while threats of violence are always ignored","0.00 / 1","","It makes people more willing to compromise","0.00 / 1","","Because violence bypasses debate, clarification, and renegotiation","1.00 / 1","","It is always less effective than persuasion","0.00 / 1","","It is the only form of stupidity that is difficult to counter intelligently","1.00 / 1",""
"2025/05/13 9:41:27 am GMT+3","6.00 / 8","014","-- / 0","","The intellectual effort required to understand another person’s intentions and motives","1.00 / 1","","Because they ignore the symbolic power of violence","0.00 / 1","","It can produce predictable effects without requiring understanding between individuals","1.00 / 1","","Acts of violence have clear outcomes, while threats of violence require some shared understanding","1.00 / 1","","It removes complexity from social interactions","1.00 / 1","","Because violence bypasses debate, clarification, and renegotiation","1.00 / 1","","It can never be justified","0.00 / 1","","It is the only form of stupidity that is difficult to counter intelligently","1.00 / 1",""
"2025/05/13 11:36:12 am GMT+3","6.00 / 8","016","-- / 0","","The intellectual effort required to understand another person’s intentions and motives","1.00 / 1","","Because they assume violence must always have deep interpretive meaning","1.00 / 1","","It can produce predictable effects without requiring understanding between individuals","1.00 / 1","","Acts of violence have clear outcomes, while threats of violence require some shared understanding","1.00 / 1","","It removes complexity from social interactions","1.00 / 1","","Because violence bypasses debate, clarification, and renegotiation","1.00 / 1","","It is always less effective than persuasion","0.00 / 1","","It prevents people from forming social bonds","0.00 / 1",""
"2025/05/13 1:11:32 pm GMT+3","7.00 / 8","019","-- / 0","","The intellectual effort required to understand another person’s intentions and motives","1.00 / 1","","Because they assume violence must always have deep interpretive meaning","1.00 / 1","","It can produce predictable effects without requiring understanding between individuals","1.00 / 1","","Acts of violence have clear outcomes, while threats of violence require some shared understanding","1.00 / 1","","It makes people more willing to compromise","0.00 / 1","","Because violence bypasses debate, clarification, and renegotiation","1.00 / 1","","Its effects are limited to physical harm","1.00 / 1","","It is the only form of stupidity that is difficult to counter intelligently","1.00 / 1",""
"2025/06/11 11:04:30 am GMT+3","6.00 / 8","025","-- / 0","","The work needed to physically decipher complex texts","0.00 / 1","","Because they assume violence must always have deep interpretive meaning","1.00 / 1","","It can produce predictable effects without requiring understanding between individuals","1.00 / 1","","Acts of violence have clear outcomes, while threats of violence require some shared understanding","1.00 / 1","","It always leads to disorder and instability","0.00 / 1","","Because violence bypasses debate, clarification, and renegotiation","1.00 / 1","","Its effects are limited to physical harm","1.00 / 1","","It is the only form of stupidity that is difficult to counter intelligently","1.00 / 1",""
"2025/06/11 12:08:19 pm GMT+3","7.00 / 8","031","-- / 0","","The intellectual effort required to understand another person’s intentions and motives","1.00 / 1","","Because they assume violence must always have deep interpretive meaning","1.00 / 1","","It can produce predictable effects without requiring understanding between individuals","1.00 / 1","","Acts of violence have clear outcomes, while threats of violence require some shared understanding","1.00 / 1","","It removes complexity from social interactions","1.00 / 1","","Because violence bypasses debate, clarification, and renegotiation","1.00 / 1","","It is always less effective than persuasion","0.00 / 1","","It is the only form of stupidity that is difficult to counter intelligently","1.00 / 1",""
"2025/06/11 1:45:21 pm GMT+3","4.00 / 8","035","-- / 0","","The intellectual effort required to understand another person’s intentions and motives","1.00 / 1","","Because they assume violence must always have deep interpretive meaning","1.00 / 1","","It requires a deep level of trust between parties","0.00 / 1","","Acts of violence have clear outcomes, while threats of violence require some shared understanding","1.00 / 1","","It makes people more willing to compromise","0.00 / 1","","Because violence relies on strict logical reasoning","0.00 / 1","","It is always less effective than persuasion","0.00 / 1","","It is the only form of stupidity that is difficult to counter intelligently","1.00 / 1",""
"2025/06/12 11:11:45 am GMT+3","7.00 / 8","036","-- / 0","","The intellectual effort required to understand another person’s intentions and motives","1.00 / 1","","Because they assume violence must always have deep interpretive meaning","1.00 / 1","","It can produce predictable effects without requiring understanding between individuals","1.00 / 1","","Acts of violence have clear outcomes, while threats of violence require some shared understanding","1.00 / 1","","It removes complexity from social interactions","1.00 / 1","","Because violence bypasses debate, clarification, and renegotiation","1.00 / 1","","It can never be justified","0.00 / 1","","It is the only form of stupidity that is difficult to counter intelligently","1.00 / 1",""
"2025/06/18 3:07:19 pm GMT+3","7.00 / 8","045","-- / 0","","The intellectual effort required to understand another person’s intentions and motives","1.00 / 1","","Because they assume violence must always have deep interpretive meaning","1.00 / 1","","It can produce predictable effects without requiring understanding between individuals","1.00 / 1","","Acts of violence have clear outcomes, while threats of violence require some shared understanding","1.00 / 1","","It removes complexity from social interactions","1.00 / 1","","Because victims of violence are naturally biased against authority","0.00 / 1","","Its effects are limited to physical harm","1.00 / 1","","It is the only form of stupidity that is difficult to counter intelligently","1.00 / 1",""
"2025/06/26 12:00:00 pm GMT+3","4.00 / 8","047","-- / 0","","The intellectual effort required to understand another person’s intentions and motives","1.00 / 1","","Because they ignore the symbolic power of violence","0.00 / 1","","It is always an act of communication","0.00 / 1","","Acts of violence are unpredictable, while threats of violence are always ignored","0.00 / 1","","It removes complexity from social interactions","1.00 / 1","","Because violence bypasses debate, clarification, and renegotiation","1.00 / 1","","It is always less effective than persuasion","0.00 / 1","","It is the only form of stupidity that is difficult to counter intelligently","1.00 / 1",""